Patient,true label,posterior prob
"('UMCG0156',)",0.0,0.37587714195251465
"('EMC0664',)",0.0,0.43251287937164307
"('UMCG0094',)",0.0,0.3389952480792999
"('EMC0580',)",0.0,0.06606769561767578
"('UMCG0122',)",0.0,0.10645429790019989
"('EMC1072',)",0.0,0.4040159285068512
"('EMC0352',)",0.0,0.06642768532037735
"('EMC0449',)",0.0,0.59276282787323
"('EMC1289',)",1.0,0.642997145652771
"('UMCG0219',)",1.0,0.2467736452817917
"('EMC1257',)",1.0,0.17064283788204193
"('EMC1259',)",1.0,0.3046009838581085
