Patient,true label,posterior prob
"('EMC0286',)",0.0,0.29485055804252625
"('EMC0860',)",0.0,0.24331018328666687
"('EMC1255',)",0.0,0.2329707145690918
"('EMC0740',)",0.0,0.245161771774292
"('EMC0487',)",0.0,0.21228763461112976
"('UMCG0078',)",0.0,0.24266472458839417
"('UMCG0138',)",0.0,0.20950660109519958
"('EMC0275',)",0.0,0.3226785659790039
"('EMC0268',)",1.0,0.19281968474388123
"('EMC0360',)",1.0,0.3337075710296631
"('EMC1153',)",1.0,0.27287760376930237
"('EMC0059',)",1.0,0.2763950824737549
