Patient,true label,posterior prob
"('EMC0804',)",0.0,0.08477088063955307
"('EMC0821',)",0.0,0.8059477210044861
"('EMC0567',)",0.0,0.17841365933418274
"('EMC0880',)",0.0,0.43495047092437744
"('EMC1074',)",0.0,0.5153177976608276
"('EMC0260',)",0.0,0.3241042196750641
"('EMC1152',)",0.0,0.5105912685394287
"('EMC0999',)",0.0,0.5447310209274292
"('EMC0559',)",1.0,0.18667155504226685
"('EMC1350',)",1.0,0.4511025846004486
"('EMC0547',)",1.0,0.8818317651748657
"('EMC0015',)",1.0,0.042805157601833344
