Patient,true label,posterior prob
"('EMC1225',)",0.0,0.8505491018295288
"('UMCG0015',)",0.0,0.9826196432113647
"('EMC0392',)",0.0,0.883920431137085
"('EMC1075',)",0.0,0.9441887140274048
"('EMC1077',)",0.0,0.9419892430305481
"('UMCG0126',)",0.0,0.9235716462135315
"('EMC0098',)",0.0,0.8839594125747681
"('EMC0512',)",0.0,0.9289267659187317
"('UMCG0041',)",1.0,0.9072515964508057
"('UMCG0193',)",1.0,0.8690304756164551
"('EMC0191',)",1.0,0.9565251469612122
"('EMC0011',)",1.0,0.857180655002594
