Patient,true label,posterior prob
"('EMC1225',)",0.0,0.8997166156768799
"('UMCG0015',)",0.0,0.9632495641708374
"('EMC0392',)",0.0,0.929262638092041
"('EMC1075',)",0.0,0.9356573820114136
"('EMC1077',)",0.0,0.9418697953224182
"('UMCG0126',)",0.0,0.8646897673606873
"('EMC0098',)",0.0,0.8387195467948914
"('EMC0512',)",0.0,0.8462350368499756
"('UMCG0041',)",1.0,0.9265056252479553
"('UMCG0193',)",1.0,0.8336969017982483
"('EMC0191',)",1.0,0.94883793592453
"('EMC0011',)",1.0,0.7528905868530273
