Patient,true label,posterior prob
"('EMC0804',)",0.0,0.5532507300376892
"('EMC0821',)",0.0,0.7929911017417908
"('EMC0567',)",0.0,0.9110484719276428
"('EMC0880',)",0.0,0.8625367283821106
"('EMC1074',)",0.0,0.9386714100837708
"('EMC0260',)",0.0,0.49296605587005615
"('EMC1152',)",0.0,0.8928878307342529
"('EMC0999',)",0.0,0.8590427041053772
"('EMC0559',)",1.0,0.8552717566490173
"('EMC1350',)",1.0,0.9022155404090881
"('EMC0547',)",1.0,0.9237876534461975
"('EMC0015',)",1.0,0.5424901843070984
