Patient,true label,posterior prob
"('EMC0804',)",0.0,0.09665706753730774
"('EMC0821',)",0.0,0.17865222692489624
"('EMC0567',)",0.0,0.09613709896802902
"('EMC0880',)",0.0,0.1872997283935547
"('EMC1074',)",0.0,0.09531572461128235
"('EMC0260',)",0.0,0.28905510902404785
"('EMC1152',)",0.0,0.1481742560863495
"('EMC0999',)",0.0,0.23391084372997284
"('EMC0559',)",1.0,0.03086501732468605
"('EMC1350',)",1.0,0.06279081106185913
"('EMC0547',)",1.0,0.5971366763114929
"('EMC0015',)",1.0,0.15878573060035706
