Patient,true label,posterior prob
"('EMC1225',)",0.0,0.4392750859260559
"('UMCG0015',)",0.0,0.4370001554489136
"('EMC0392',)",0.0,0.2787151038646698
"('EMC1075',)",0.0,0.45686963200569153
"('EMC1077',)",0.0,0.5324335098266602
"('UMCG0126',)",0.0,0.22032274305820465
"('EMC0098',)",0.0,0.3636524975299835
"('EMC0512',)",0.0,0.30127665400505066
"('UMCG0041',)",1.0,0.3910958468914032
"('UMCG0193',)",1.0,0.4019946753978729
"('EMC0191',)",1.0,0.418426513671875
"('EMC0011',)",1.0,0.4324279725551605
