Patient,true label,posterior prob
"('UMCG0156',)",0.0,0.9372403025627136
"('EMC0664',)",0.0,0.8990377187728882
"('UMCG0094',)",0.0,0.9482223391532898
"('EMC0580',)",0.0,0.9151111841201782
"('UMCG0122',)",0.0,0.9527164101600647
"('EMC1072',)",0.0,0.9148955941200256
"('EMC0352',)",0.0,0.9197645783424377
"('EMC0449',)",0.0,0.9420325756072998
"('EMC1289',)",1.0,0.9685983657836914
"('UMCG0219',)",1.0,0.7937816381454468
"('EMC1257',)",1.0,0.6581246256828308
"('EMC1259',)",1.0,0.9599642157554626
