Patient,true label,posterior prob
"('EMC0286',)",0.0,0.3365270793437958
"('EMC0860',)",0.0,0.30540356040000916
"('EMC1255',)",0.0,0.2967025935649872
"('EMC0740',)",0.0,0.31129568815231323
"('EMC0487',)",0.0,0.28461870551109314
"('UMCG0078',)",0.0,0.3088632822036743
"('UMCG0138',)",0.0,0.31237539649009705
"('EMC0275',)",0.0,0.3779813051223755
"('EMC0268',)",1.0,0.30462315678596497
"('EMC0360',)",1.0,0.37639376521110535
"('EMC1153',)",1.0,0.3662172853946686
"('EMC0059',)",1.0,0.31857264041900635
