Patient,true label,posterior prob
"('EMC1225',)",0.0,0.3357747495174408
"('UMCG0015',)",0.0,0.3644310534000397
"('EMC0392',)",0.0,0.17530286312103271
"('EMC1075',)",0.0,0.2521215081214905
"('EMC1077',)",0.0,0.4727322459220886
"('UMCG0126',)",0.0,0.09948436915874481
"('EMC0098',)",0.0,0.284103661775589
"('EMC0512',)",0.0,0.1795482337474823
"('UMCG0041',)",1.0,0.288924902677536
"('UMCG0193',)",1.0,0.38176780939102173
"('EMC0191',)",1.0,0.29714280366897583
"('EMC0011',)",1.0,0.4147656261920929
