Patient,true label,posterior prob
"('EMC0286',)",0.0,0.2597772479057312
"('EMC0860',)",0.0,0.17831604182720184
"('EMC1255',)",0.0,0.07017365097999573
"('EMC0740',)",0.0,0.365712434053421
"('EMC0487',)",0.0,0.7628092765808105
"('UMCG0078',)",0.0,0.10709186643362045
"('UMCG0138',)",0.0,0.26281046867370605
"('EMC0275',)",0.0,0.1360405534505844
"('EMC0268',)",1.0,0.2535431981086731
"('EMC0360',)",1.0,0.1662861704826355
"('EMC1153',)",1.0,0.14390474557876587
"('EMC0059',)",1.0,0.18138577044010162
