Patient,true label,posterior prob
"('EMC0804',)",0.0,0.14140784740447998
"('EMC0821',)",0.0,0.25544872879981995
"('EMC0567',)",0.0,0.17346443235874176
"('EMC0880',)",0.0,0.3540918231010437
"('EMC1074',)",0.0,0.10152429342269897
"('EMC0260',)",0.0,0.40789663791656494
"('EMC1152',)",0.0,0.18251188099384308
"('EMC0999',)",0.0,0.3180379271507263
"('EMC0559',)",1.0,0.03186439350247383
"('EMC1350',)",1.0,0.17501287162303925
"('EMC0547',)",1.0,0.6992740035057068
"('EMC0015',)",1.0,0.20970945060253143
