Patient,true label,posterior prob
"('EMC0804',)",0.0,0.8292766213417053
"('EMC0821',)",0.0,0.802263617515564
"('EMC0567',)",0.0,0.9079799652099609
"('EMC0880',)",0.0,0.906086266040802
"('EMC1074',)",0.0,0.9428069591522217
"('EMC0260',)",0.0,0.45765048265457153
"('EMC1152',)",0.0,0.8832361698150635
"('EMC0999',)",0.0,0.8047356009483337
"('EMC0559',)",1.0,0.8804800510406494
"('EMC1350',)",1.0,0.9267152547836304
"('EMC0547',)",1.0,0.9416250586509705
"('EMC0015',)",1.0,0.5766210556030273
