Patient,true label,posterior prob
"('UMCG0156',)",0.0,0.887628436088562
"('EMC0664',)",0.0,0.835905134677887
"('UMCG0094',)",0.0,0.9200965166091919
"('EMC0580',)",0.0,0.8393681049346924
"('UMCG0122',)",0.0,0.9448584318161011
"('EMC1072',)",0.0,0.9298883080482483
"('EMC0352',)",0.0,0.8746667504310608
"('EMC0449',)",0.0,0.9397885203361511
"('EMC1289',)",1.0,0.9285890460014343
"('UMCG0219',)",1.0,0.8131945729255676
"('EMC1257',)",1.0,0.6660839319229126
"('EMC1259',)",1.0,0.9123324155807495
