Patient,true label,posterior prob
"('EMC0286',)",0.0,0.3408249318599701
"('EMC0860',)",0.0,0.30564048886299133
"('EMC1255',)",0.0,0.29181602597236633
"('EMC0740',)",0.0,0.30801230669021606
"('EMC0487',)",0.0,0.2955983877182007
"('UMCG0078',)",0.0,0.2928861081600189
"('UMCG0138',)",0.0,0.2897663712501526
"('EMC0275',)",0.0,0.3858334720134735
"('EMC0268',)",1.0,0.27612537145614624
"('EMC0360',)",1.0,0.32336682081222534
"('EMC1153',)",1.0,0.3351305425167084
"('EMC0059',)",1.0,0.31662657856941223
