Patient,true label,posterior prob
"('EMC0286',)",0.0,0.40391239523887634
"('EMC0860',)",0.0,0.0733250230550766
"('EMC1255',)",0.0,0.07033394277095795
"('EMC0740',)",0.0,0.4109586477279663
"('EMC0487',)",0.0,0.8221871852874756
"('UMCG0078',)",0.0,0.05000515654683113
"('UMCG0138',)",0.0,0.0823422521352768
"('EMC0275',)",0.0,0.1603294014930725
"('EMC0268',)",1.0,0.4193379878997803
"('EMC0360',)",1.0,0.8454195857048035
"('EMC1153',)",1.0,0.2001328468322754
"('EMC0059',)",1.0,0.06562397629022598
