Patient,true label,posterior prob
"('UMCG0156',)",0.0,0.33679795265197754
"('EMC0664',)",0.0,0.39608034491539
"('UMCG0094',)",0.0,0.24477410316467285
"('EMC0580',)",0.0,0.09898844361305237
"('UMCG0122',)",0.0,0.13825169205665588
"('EMC1072',)",0.0,0.5002069473266602
"('EMC0352',)",0.0,0.10051635652780533
"('EMC0449',)",0.0,0.5140206217765808
"('EMC1289',)",1.0,0.8582335114479065
"('UMCG0219',)",1.0,0.0841444805264473
"('EMC1257',)",1.0,0.28611427545547485
"('EMC1259',)",1.0,0.454098641872406
