Patient,true label,posterior prob
"('EMC1225',)",0.0,0.4232703149318695
"('UMCG0015',)",0.0,0.3297862112522125
"('EMC0392',)",0.0,0.18576081097126007
"('EMC1075',)",0.0,0.1730564534664154
"('EMC1077',)",0.0,0.2276565432548523
"('UMCG0126',)",0.0,0.1065593734383583
"('EMC0098',)",0.0,0.15363526344299316
"('EMC0512',)",0.0,0.45453080534935
"('UMCG0041',)",1.0,0.43177181482315063
"('UMCG0193',)",1.0,0.24562394618988037
"('EMC0191',)",1.0,0.14545434713363647
"('EMC0011',)",1.0,0.2547113597393036
