Patient,true label,posterior prob
"('EMC0804',)",0.0,0.07323209196329117
"('EMC0821',)",0.0,0.7775366306304932
"('EMC0567',)",0.0,0.19773006439208984
"('EMC0880',)",0.0,0.4273897111415863
"('EMC1074',)",0.0,0.5045869946479797
"('EMC0260',)",0.0,0.2928354740142822
"('EMC1152',)",0.0,0.5311617851257324
"('EMC0999',)",0.0,0.5052807927131653
"('EMC0559',)",1.0,0.18405842781066895
"('EMC1350',)",1.0,0.47761857509613037
"('EMC0547',)",1.0,0.8802803754806519
"('EMC0015',)",1.0,0.030996151268482208
