Patient,true label,posterior prob
"('EMC0286',)",0.0,0.3056347668170929
"('EMC0860',)",0.0,0.24576441943645477
"('EMC1255',)",0.0,0.2281961739063263
"('EMC0740',)",0.0,0.2589581310749054
"('EMC0487',)",0.0,0.22127552330493927
"('UMCG0078',)",0.0,0.23941321671009064
"('UMCG0138',)",0.0,0.24585852026939392
"('EMC0275',)",0.0,0.29480981826782227
"('EMC0268',)",1.0,0.2416331022977829
"('EMC0360',)",1.0,0.2634330689907074
"('EMC1153',)",1.0,0.2722431421279907
"('EMC0059',)",1.0,0.2745405435562134
