Patient,true label,posterior prob
"('EMC0804',)",0.0,0.11416345089673996
"('EMC0821',)",0.0,0.10410057753324509
"('EMC0567',)",0.0,0.14774198830127716
"('EMC0880',)",0.0,0.1420018970966339
"('EMC1074',)",0.0,0.04604563117027283
"('EMC0260',)",0.0,0.3204500675201416
"('EMC1152',)",0.0,0.07367006689310074
"('EMC0999',)",0.0,0.14578813314437866
"('EMC0559',)",1.0,0.01785072684288025
"('EMC1350',)",1.0,0.05619008466601372
"('EMC0547',)",1.0,0.5280256271362305
"('EMC0015',)",1.0,0.24553704261779785
