Patient,true label,posterior prob
"('EMC0804',)",0.0,0.2002565860748291
"('EMC0821',)",0.0,0.32422441244125366
"('EMC0567',)",0.0,0.35346102714538574
"('EMC0880',)",0.0,0.46721938252449036
"('EMC1074',)",0.0,0.2943236529827118
"('EMC0260',)",0.0,0.41472846269607544
"('EMC1152',)",0.0,0.40141817927360535
"('EMC0999',)",0.0,0.49951237440109253
"('EMC0559',)",1.0,0.24769718945026398
"('EMC1350',)",1.0,0.27314215898513794
"('EMC0547',)",1.0,0.6517071723937988
"('EMC0015',)",1.0,0.37345436215400696
