Patient,true label,posterior prob
"('UMCG0156',)",0.0,0.16115988790988922
"('EMC0664',)",0.0,0.3849014937877655
"('UMCG0094',)",0.0,0.2572053372859955
"('EMC0580',)",0.0,0.04876645281910896
"('UMCG0122',)",0.0,0.0437006950378418
"('EMC1072',)",0.0,0.5168459415435791
"('EMC0352',)",0.0,0.0523335263133049
"('EMC0449',)",0.0,0.39295342564582825
"('EMC1289',)",1.0,0.7193726897239685
"('UMCG0219',)",1.0,0.1661485880613327
"('EMC1257',)",1.0,0.10549572110176086
"('EMC1259',)",1.0,0.41397300362586975
