Patient,true label,posterior prob
"('EMC0804',)",0.0,0.11216002702713013
"('EMC0821',)",0.0,0.8688469529151917
"('EMC0567',)",0.0,0.08672276139259338
"('EMC0880',)",0.0,0.3482206165790558
"('EMC1074',)",0.0,0.22884289920330048
"('EMC0260',)",0.0,0.3063005208969116
"('EMC1152',)",0.0,0.47765490412712097
"('EMC0999',)",0.0,0.3775213658809662
"('EMC0559',)",1.0,0.1061963140964508
"('EMC1350',)",1.0,0.3169315457344055
"('EMC0547',)",1.0,0.899496853351593
"('EMC0015',)",1.0,0.03908880427479744
