Patient,true label,posterior prob
"('EMC0804',)",0.0,0.05617905035614967
"('EMC0821',)",0.0,0.17077556252479553
"('EMC0567',)",0.0,0.12863658368587494
"('EMC0880',)",0.0,0.2848505675792694
"('EMC1074',)",0.0,0.0673881247639656
"('EMC0260',)",0.0,0.4207215905189514
"('EMC1152',)",0.0,0.1373860239982605
"('EMC0999',)",0.0,0.240736722946167
"('EMC0559',)",1.0,0.036440812051296234
"('EMC1350',)",1.0,0.12690433859825134
"('EMC0547',)",1.0,0.6840121150016785
"('EMC0015',)",1.0,0.17762576043605804
