Patient,true label,posterior prob
"('EMC0804',)",0.0,0.07009346783161163
"('EMC0821',)",0.0,0.29489666223526
"('EMC0567',)",0.0,0.1445353776216507
"('EMC0880',)",0.0,0.09485756605863571
"('EMC1074',)",0.0,0.021971583366394043
"('EMC0260',)",0.0,0.7313240766525269
"('EMC1152',)",0.0,0.13332706689834595
"('EMC0999',)",0.0,0.24259771406650543
"('EMC0559',)",1.0,0.017999853938817978
"('EMC1350',)",1.0,0.017755772918462753
"('EMC0547',)",1.0,0.9887199997901917
"('EMC0015',)",1.0,0.1500501185655594
