Patient,true label,posterior prob
"('UMCG0156',)",0.0,0.23760448396205902
"('EMC0664',)",0.0,0.3797212541103363
"('UMCG0094',)",0.0,0.42869725823402405
"('EMC0580',)",0.0,0.1159369945526123
"('UMCG0122',)",0.0,0.06588990241289139
"('EMC1072',)",0.0,0.2931191325187683
"('EMC0352',)",0.0,0.10417687892913818
"('EMC0449',)",0.0,0.591092586517334
"('EMC1289',)",1.0,0.5552777647972107
"('UMCG0219',)",1.0,0.4070722162723541
"('EMC1257',)",1.0,0.4263042211532593
"('EMC1259',)",1.0,0.4804113209247589
