Patient,true label,posterior prob
"('EMC1225',)",0.0,0.822610080242157
"('UMCG0015',)",0.0,0.9553499817848206
"('EMC0392',)",0.0,0.8992310166358948
"('EMC1075',)",0.0,0.938369870185852
"('EMC1077',)",0.0,0.9007508754730225
"('UMCG0126',)",0.0,0.8612545132637024
"('EMC0098',)",0.0,0.8351494669914246
"('EMC0512',)",0.0,0.8123716115951538
"('UMCG0041',)",1.0,0.8460314273834229
"('UMCG0193',)",1.0,0.7291314601898193
"('EMC0191',)",1.0,0.9539023637771606
"('EMC0011',)",1.0,0.6653052568435669
