Patient,true label,posterior prob
"('UMCG0156',)",0.0,0.45837584137916565
"('EMC0664',)",0.0,0.5446308255195618
"('UMCG0094',)",0.0,0.6777333617210388
"('EMC0580',)",0.0,0.24413716793060303
"('UMCG0122',)",0.0,0.7057996988296509
"('EMC1072',)",0.0,0.5321249961853027
"('EMC0352',)",0.0,0.3079288601875305
"('EMC0449',)",0.0,0.5725603699684143
"('EMC1289',)",1.0,0.6103881001472473
"('UMCG0219',)",1.0,0.3754994571208954
"('EMC1257',)",1.0,0.6052863001823425
"('EMC1259',)",1.0,0.6662845015525818
