Patient,true label,posterior prob
"('UMCG0156',)",0.0,0.7799413800239563
"('EMC0664',)",0.0,0.6171410083770752
"('UMCG0094',)",0.0,0.503072202205658
"('EMC0580',)",0.0,0.06295278668403625
"('UMCG0122',)",0.0,0.5884112119674683
"('EMC1072',)",0.0,0.7689432501792908
"('EMC0352',)",0.0,0.11471777409315109
"('EMC0449',)",0.0,0.6265330910682678
"('EMC1289',)",1.0,0.8984972238540649
"('UMCG0219',)",1.0,0.209726944565773
"('EMC1257',)",1.0,0.21262799203395844
"('EMC1259',)",1.0,0.19909809529781342
