Patient,true label,posterior prob
"('EMC0804',)",0.0,0.6804479956626892
"('EMC0821',)",0.0,0.37642762064933777
"('EMC0567',)",0.0,0.33956921100616455
"('EMC0880',)",0.0,0.39856967329978943
"('EMC1074',)",0.0,0.3472660481929779
"('EMC0260',)",0.0,0.7943037748336792
"('EMC1152',)",0.0,0.06787735223770142
"('EMC0999',)",0.0,0.35633888840675354
"('EMC0559',)",1.0,0.11116982251405716
"('EMC1350',)",1.0,0.5207074284553528
"('EMC0547',)",1.0,0.9606200456619263
"('EMC0015',)",1.0,0.2634854018688202
