Patient,true label,posterior prob
"('EMC0286',)",0.0,0.7302283644676208
"('EMC0860',)",0.0,0.6782339811325073
"('EMC1255',)",0.0,0.1987440288066864
"('EMC0740',)",0.0,0.5640461444854736
"('EMC0487',)",0.0,0.18428821861743927
"('UMCG0078',)",0.0,0.6099584102630615
"('UMCG0138',)",0.0,0.6455205678939819
"('EMC0275',)",0.0,0.3244202733039856
"('EMC0268',)",1.0,0.29820874333381653
"('EMC0360',)",1.0,0.7453570365905762
"('EMC1153',)",1.0,0.5824893116950989
"('EMC0059',)",1.0,0.41335898637771606
