Patient,true label,posterior prob
"('UMCG0156',)",0.0,0.8128470778465271
"('EMC0664',)",0.0,0.803586483001709
"('UMCG0094',)",0.0,0.9095404744148254
"('EMC0580',)",0.0,0.7239611148834229
"('UMCG0122',)",0.0,0.8687706589698792
"('EMC1072',)",0.0,0.8340969681739807
"('EMC0352',)",0.0,0.7799679636955261
"('EMC0449',)",0.0,0.8886981010437012
"('EMC1289',)",1.0,0.9520505666732788
"('UMCG0219',)",1.0,0.7516117095947266
"('EMC1257',)",1.0,0.5561557412147522
"('EMC1259',)",1.0,0.9394689202308655
