Patient,true label,posterior prob
"('EMC1225',)",0.0,0.6077887415885925
"('UMCG0015',)",0.0,0.6784565448760986
"('EMC0392',)",0.0,0.1907677948474884
"('EMC1075',)",0.0,0.17817167937755585
"('EMC1077',)",0.0,0.6644151210784912
"('UMCG0126',)",0.0,0.06697544455528259
"('EMC0098',)",0.0,0.5520148277282715
"('EMC0512',)",0.0,0.12316834926605225
"('UMCG0041',)",1.0,0.8211682438850403
"('UMCG0193',)",1.0,0.9109331965446472
"('EMC0191',)",1.0,0.017252152785658836
"('EMC0011',)",1.0,0.9021182060241699
