Patient,true label,posterior prob
"('EMC1225',)",0.0,0.44106578826904297
"('UMCG0015',)",0.0,0.1926974505186081
"('EMC0392',)",0.0,0.5487530827522278
"('EMC1075',)",0.0,0.17894083261489868
"('EMC1077',)",0.0,0.4522404372692108
"('UMCG0126',)",0.0,0.49940311908721924
"('EMC0098',)",0.0,0.3664375841617584
"('EMC0512',)",0.0,0.2322862446308136
"('UMCG0041',)",1.0,0.4856542646884918
"('UMCG0193',)",1.0,0.3496660888195038
"('EMC0191',)",1.0,0.04477718099951744
"('EMC0011',)",1.0,0.7132247686386108
