Patient,true label,posterior prob
"('EMC0286',)",0.0,0.7868478894233704
"('EMC0860',)",0.0,0.2027890980243683
"('EMC1255',)",0.0,0.03569001331925392
"('EMC0740',)",0.0,0.2381206601858139
"('EMC0487',)",0.0,0.9974409341812134
"('UMCG0078',)",0.0,0.09104375541210175
"('UMCG0138',)",0.0,0.392713338136673
"('EMC0275',)",0.0,0.04276982694864273
"('EMC0268',)",1.0,0.36958950757980347
"('EMC0360',)",1.0,0.31938275694847107
"('EMC1153',)",1.0,0.14351370930671692
"('EMC0059',)",1.0,0.046295415610075
