Patient,true label,posterior prob
"('EMC0804',)",0.0,0.5822222232818604
"('EMC0821',)",0.0,0.5822222232818604
"('EMC0567',)",0.0,1.0
"('EMC0880',)",0.0,1.0
"('EMC1074',)",0.0,1.0
"('EMC0260',)",0.0,0.5822222232818604
"('EMC1152',)",0.0,1.0
"('EMC0999',)",0.0,1.0
"('EMC0559',)",1.0,1.0
"('EMC1350',)",1.0,1.0
"('EMC0547',)",1.0,1.0
"('EMC0015',)",1.0,0.5822222232818604
