Patient,true label,posterior prob
"('UMCG0156',)",0.0,0.48447129130363464
"('EMC0664',)",0.0,0.5637369751930237
"('UMCG0094',)",0.0,0.702903687953949
"('EMC0580',)",0.0,0.32254308462142944
"('UMCG0122',)",0.0,0.741287112236023
"('EMC1072',)",0.0,0.5889471173286438
"('EMC0352',)",0.0,0.4076523780822754
"('EMC0449',)",0.0,0.5813980102539062
"('EMC1289',)",1.0,0.6123567819595337
"('UMCG0219',)",1.0,0.45826876163482666
"('EMC1257',)",1.0,0.6896411776542664
"('EMC1259',)",1.0,0.7078860998153687
