Patient,true label,posterior prob
"('UMCG0156',)",0.0,0.1610741764307022
"('EMC0664',)",0.0,0.4922129511833191
"('UMCG0094',)",0.0,0.5727718472480774
"('EMC0580',)",0.0,0.14473356306552887
"('UMCG0122',)",0.0,0.16295213997364044
"('EMC1072',)",0.0,0.5682280659675598
"('EMC0352',)",0.0,0.16436468064785004
"('EMC0449',)",0.0,0.5886632800102234
"('EMC1289',)",1.0,0.6924847364425659
"('UMCG0219',)",1.0,0.3578922152519226
"('EMC1257',)",1.0,0.5239505767822266
"('EMC1259',)",1.0,0.3915206789970398
