Patient,true label,posterior prob
"('EMC1225',)",0.0,0.49581560492515564
"('UMCG0015',)",0.0,0.5908326506614685
"('EMC0392',)",0.0,0.4207897186279297
"('EMC1075',)",0.0,0.5578858256340027
"('EMC1077',)",0.0,0.6264641284942627
"('UMCG0126',)",0.0,0.2990078032016754
"('EMC0098',)",0.0,0.5045166015625
"('EMC0512',)",0.0,0.37179484963417053
"('UMCG0041',)",1.0,0.45932790637016296
"('UMCG0193',)",1.0,0.5114675164222717
"('EMC0191',)",1.0,0.4995933473110199
"('EMC0011',)",1.0,0.5705400705337524
