Patient,true label,posterior prob
"('UMCG0156',)",0.0,0.5383089780807495
"('EMC0664',)",0.0,0.48126286268234253
"('UMCG0094',)",0.0,0.3611440360546112
"('EMC0580',)",0.0,0.13925772905349731
"('UMCG0122',)",0.0,0.3740919232368469
"('EMC1072',)",0.0,0.3003326654434204
"('EMC0352',)",0.0,0.14040206372737885
"('EMC0449',)",0.0,0.5562639832496643
"('EMC1289',)",1.0,0.8457767963409424
"('UMCG0219',)",1.0,0.239080011844635
"('EMC1257',)",1.0,0.27975228428840637
"('EMC1259',)",1.0,0.39983025193214417
