Patient,true label,posterior prob
"('EMC0804',)",0.0,0.5051017999649048
"('EMC0821',)",0.0,0.4274199604988098
"('EMC0567',)",0.0,0.3293064534664154
"('EMC0880',)",0.0,0.3346390724182129
"('EMC1074',)",0.0,0.3242504596710205
"('EMC0260',)",0.0,0.4578961431980133
"('EMC1152',)",0.0,0.3164079785346985
"('EMC0999',)",0.0,0.3300831615924835
"('EMC0559',)",1.0,0.3098469078540802
"('EMC1350',)",1.0,0.33272942900657654
"('EMC0547',)",1.0,0.3911285400390625
"('EMC0015',)",1.0,0.5580248832702637
