Patient,true label,posterior prob
"('EMC0286',)",0.0,0.35867011547088623
"('EMC0860',)",0.0,0.33514273166656494
"('EMC1255',)",0.0,0.3381187319755554
"('EMC0740',)",0.0,0.3511202335357666
"('EMC0487',)",0.0,0.30261388421058655
"('UMCG0078',)",0.0,0.3369677662849426
"('UMCG0138',)",0.0,0.3655635416507721
"('EMC0275',)",0.0,0.4501398503780365
"('EMC0268',)",1.0,0.3056148588657379
"('EMC0360',)",1.0,0.4234316051006317
"('EMC1153',)",1.0,0.35394808650016785
"('EMC0059',)",1.0,0.35133251547813416
