Patient,true label,posterior prob
"('EMC0804',)",0.0,0.7873845100402832
"('EMC0821',)",0.0,0.7929573059082031
"('EMC0567',)",0.0,0.8564956784248352
"('EMC0880',)",0.0,0.86751389503479
"('EMC1074',)",0.0,0.9632833003997803
"('EMC0260',)",0.0,0.43679264187812805
"('EMC1152',)",0.0,0.8662590384483337
"('EMC0999',)",0.0,0.8771263360977173
"('EMC0559',)",1.0,0.8700985312461853
"('EMC1350',)",1.0,0.8969612717628479
"('EMC0547',)",1.0,0.8863618969917297
"('EMC0015',)",1.0,0.5855194926261902
