Patient,true label,posterior prob
"('EMC0286',)",0.0,0.3437076807022095
"('EMC0860',)",0.0,0.36012017726898193
"('EMC1255',)",0.0,0.3366503119468689
"('EMC0740',)",0.0,0.4481916129589081
"('EMC0487',)",0.0,0.8398705124855042
"('UMCG0078',)",0.0,0.5155607461929321
"('UMCG0138',)",0.0,0.46455925703048706
"('EMC0275',)",0.0,0.5874443054199219
"('EMC0268',)",1.0,0.48552829027175903
"('EMC0360',)",1.0,0.7609835267066956
"('EMC1153',)",1.0,0.30120325088500977
"('EMC0059',)",1.0,0.31818151473999023
