Patient,true label,posterior prob
"('EMC0286',)",0.0,0.34175822138786316
"('EMC0860',)",0.0,0.3999044895172119
"('EMC1255',)",0.0,0.22369305789470673
"('EMC0740',)",0.0,0.3615465760231018
"('EMC0487',)",0.0,0.9406315088272095
"('UMCG0078',)",0.0,0.4330427944660187
"('UMCG0138',)",0.0,0.4262184500694275
"('EMC0275',)",0.0,0.3553489148616791
"('EMC0268',)",1.0,0.43881234526634216
"('EMC0360',)",1.0,0.5015246272087097
"('EMC1153',)",1.0,0.23142877221107483
"('EMC0059',)",1.0,0.3984956741333008
