Patient,true label,posterior prob
"('EMC0804',)",0.0,0.054849300533533096
"('EMC0821',)",0.0,0.7828506827354431
"('EMC0567',)",0.0,0.07577226310968399
"('EMC0880',)",0.0,0.30571144819259644
"('EMC1074',)",0.0,0.3730330467224121
"('EMC0260',)",0.0,0.32943159341812134
"('EMC1152',)",0.0,0.472467839717865
"('EMC0999',)",0.0,0.5146556496620178
"('EMC0559',)",1.0,0.1358862966299057
"('EMC1350',)",1.0,0.38629111647605896
"('EMC0547',)",1.0,0.8821040987968445
"('EMC0015',)",1.0,0.016445213928818703
