Patient,true label,posterior prob
"('EMC0286',)",0.0,0.3326045274734497
"('EMC0860',)",0.0,0.24838922917842865
"('EMC1255',)",0.0,0.19287118315696716
"('EMC0740',)",0.0,0.31614604592323303
"('EMC0487',)",0.0,0.6912688612937927
"('UMCG0078',)",0.0,0.20000691711902618
"('UMCG0138',)",0.0,0.3993133008480072
"('EMC0275',)",0.0,0.2542402744293213
"('EMC0268',)",1.0,0.28018254041671753
"('EMC0360',)",1.0,0.3035890460014343
"('EMC1153',)",1.0,0.24961678683757782
"('EMC0059',)",1.0,0.28072452545166016
