Patient,true label,posterior prob
"('EMC0286',)",0.0,0.8519574403762817
"('EMC0860',)",0.0,0.9276564717292786
"('EMC1255',)",0.0,0.6563647389411926
"('EMC0740',)",0.0,0.7458263635635376
"('EMC0487',)",0.0,0.6862420439720154
"('UMCG0078',)",0.0,0.826032280921936
"('UMCG0138',)",0.0,0.8778889179229736
"('EMC0275',)",0.0,0.5764073133468628
"('EMC0268',)",1.0,0.6694826483726501
"('EMC0360',)",1.0,0.8661754727363586
"('EMC1153',)",1.0,0.8166322112083435
"('EMC0059',)",1.0,0.5738308429718018
