Patient,true label,posterior prob
"('EMC0804',)",0.0,0.8688352704048157
"('EMC0821',)",0.0,0.8967440128326416
"('EMC0567',)",0.0,0.9403334856033325
"('EMC0880',)",0.0,0.9248506426811218
"('EMC1074',)",0.0,0.9756763577461243
"('EMC0260',)",0.0,0.5334349274635315
"('EMC1152',)",0.0,0.9544997811317444
"('EMC0999',)",0.0,0.856829822063446
"('EMC0559',)",1.0,0.9286261796951294
"('EMC1350',)",1.0,0.9665879607200623
"('EMC0547',)",1.0,0.9581869840621948
"('EMC0015',)",1.0,0.5538971424102783
