Patient,true label,posterior prob
"('EMC0286',)",0.0,0.18846632540225983
"('EMC0860',)",0.0,0.23141606152057648
"('EMC1255',)",0.0,0.1748807281255722
"('EMC0740',)",0.0,0.18963342905044556
"('EMC0487',)",0.0,0.8300735354423523
"('UMCG0078',)",0.0,0.32945168018341064
"('UMCG0138',)",0.0,0.2977743446826935
"('EMC0275',)",0.0,0.20122453570365906
"('EMC0268',)",1.0,0.212624654173851
"('EMC0360',)",1.0,0.5697139501571655
"('EMC1153',)",1.0,0.17315545678138733
"('EMC0059',)",1.0,0.22986583411693573
