Patient,true label,posterior prob
"('EMC0804',)",0.0,0.11200738698244095
"('EMC0821',)",0.0,0.8669310808181763
"('EMC0567',)",0.0,0.11493546515703201
"('EMC0880',)",0.0,0.35907652974128723
"('EMC1074',)",0.0,0.34179529547691345
"('EMC0260',)",0.0,0.4032630920410156
"('EMC1152',)",0.0,0.5466541647911072
"('EMC0999',)",0.0,0.48947665095329285
"('EMC0559',)",1.0,0.13029642403125763
"('EMC1350',)",1.0,0.4625885784626007
"('EMC0547',)",1.0,0.9253374934196472
"('EMC0015',)",1.0,0.04777340590953827
