Patient,true label,posterior prob
"('EMC0286',)",0.0,0.8373015522956848
"('EMC0860',)",0.0,0.3694100081920624
"('EMC1255',)",0.0,0.37619855999946594
"('EMC0740',)",0.0,0.7812572717666626
"('EMC0487',)",0.0,0.9947482943534851
"('UMCG0078',)",0.0,0.3182375431060791
"('UMCG0138',)",0.0,0.55369633436203
"('EMC0275',)",0.0,0.48368528485298157
"('EMC0268',)",1.0,0.6636779308319092
"('EMC0360',)",1.0,0.9199506044387817
"('EMC1153',)",1.0,0.3621216416358948
"('EMC0059',)",1.0,0.35945919156074524
