Patient,true label,posterior prob
"('EMC0286',)",0.0,0.5333099961280823
"('EMC0860',)",0.0,0.6222773194313049
"('EMC1255',)",0.0,0.18178904056549072
"('EMC0740',)",0.0,0.3200434148311615
"('EMC0487',)",0.0,0.1922719031572342
"('UMCG0078',)",0.0,0.5863186717033386
"('UMCG0138',)",0.0,0.6127169728279114
"('EMC0275',)",0.0,0.22109448909759521
"('EMC0268',)",1.0,0.2532220184803009
"('EMC0360',)",1.0,0.6679672598838806
"('EMC1153',)",1.0,0.43270742893218994
"('EMC0059',)",1.0,0.2884052097797394
