Patient,true label,posterior prob
"('UMCG0156',)",0.0,0.28363123536109924
"('EMC0664',)",0.0,0.268476277589798
"('UMCG0094',)",0.0,0.7160931825637817
"('EMC0580',)",0.0,0.18445956707000732
"('UMCG0122',)",0.0,0.05877169966697693
"('EMC1072',)",0.0,0.33428677916526794
"('EMC0352',)",0.0,0.13748803734779358
"('EMC0449',)",0.0,0.5153942704200745
"('EMC1289',)",1.0,0.5635270476341248
"('UMCG0219',)",1.0,0.2933065593242645
"('EMC1257',)",1.0,0.5172316431999207
"('EMC1259',)",1.0,0.5322574973106384
