Patient,true label,posterior prob
"('EMC0286',)",0.0,0.3135349750518799
"('EMC0860',)",0.0,0.29813846945762634
"('EMC1255',)",0.0,0.281314879655838
"('EMC0740',)",0.0,0.41887104511260986
"('EMC0487',)",0.0,0.7608049511909485
"('UMCG0078',)",0.0,0.4608953595161438
"('UMCG0138',)",0.0,0.41468656063079834
"('EMC0275',)",0.0,0.5611437559127808
"('EMC0268',)",1.0,0.44518330693244934
"('EMC0360',)",1.0,0.7141090035438538
"('EMC1153',)",1.0,0.23121359944343567
"('EMC0059',)",1.0,0.2878507971763611
