Patient,true label,posterior prob
"('EMC0286',)",0.0,0.73744797706604
"('EMC0860',)",0.0,0.7889670133590698
"('EMC1255',)",0.0,0.3191280961036682
"('EMC0740',)",0.0,0.4513190686702728
"('EMC0487',)",0.0,0.28804129362106323
"('UMCG0078',)",0.0,0.6382869482040405
"('UMCG0138',)",0.0,0.7436834573745728
"('EMC0275',)",0.0,0.2342313826084137
"('EMC0268',)",1.0,0.30136165022850037
"('EMC0360',)",1.0,0.8149039149284363
"('EMC1153',)",1.0,0.6187909245491028
"('EMC0059',)",1.0,0.439741849899292
