Patient,true label,posterior prob
"('EMC0804',)",0.0,0.6501265168190002
"('EMC0821',)",0.0,0.5204209685325623
"('EMC0567',)",0.0,0.1711997240781784
"('EMC0880',)",0.0,0.4664403200149536
"('EMC1074',)",0.0,0.6250084042549133
"('EMC0260',)",0.0,0.7997888922691345
"('EMC1152',)",0.0,0.23914247751235962
"('EMC0999',)",0.0,0.22162951529026031
"('EMC0559',)",1.0,0.1716737449169159
"('EMC1350',)",1.0,0.8044784665107727
"('EMC0547',)",1.0,0.9534242749214172
"('EMC0015',)",1.0,0.12929128110408783
