Patient,true label,posterior prob
"('UMCG0156',)",0.0,0.2581322193145752
"('EMC0664',)",0.0,0.3199731707572937
"('UMCG0094',)",0.0,0.6387470960617065
"('EMC0580',)",0.0,0.22606036067008972
"('UMCG0122',)",0.0,0.06898388266563416
"('EMC1072',)",0.0,0.515532374382019
"('EMC0352',)",0.0,0.16460825502872467
"('EMC0449',)",0.0,0.6526252031326294
"('EMC1289',)",1.0,0.6950228214263916
"('UMCG0219',)",1.0,0.46051308512687683
"('EMC1257',)",1.0,0.4547872841358185
"('EMC1259',)",1.0,0.6730685830116272
