Patient,true label,posterior prob
"('EMC0804',)",0.0,0.5044623017311096
"('EMC0821',)",0.0,0.11758168041706085
"('EMC0567',)",0.0,0.107353076338768
"('EMC0880',)",0.0,0.08663033694028854
"('EMC1074',)",0.0,0.4883495569229126
"('EMC0260',)",0.0,0.7789778113365173
"('EMC1152',)",0.0,0.017081674188375473
"('EMC0999',)",0.0,0.028867598623037338
"('EMC0559',)",1.0,0.030469806864857674
"('EMC1350',)",1.0,0.5489615201950073
"('EMC0547',)",1.0,0.9764724373817444
"('EMC0015',)",1.0,0.2860068380832672
