Patient,true label,posterior prob
"('EMC1225',)",0.0,0.8510767221450806
"('UMCG0015',)",0.0,0.8504013419151306
"('EMC0392',)",0.0,0.8030065298080444
"('EMC1075',)",0.0,0.8105301856994629
"('EMC1077',)",0.0,0.7925508618354797
"('UMCG0126',)",0.0,0.7720434665679932
"('EMC0098',)",0.0,0.7573157548904419
"('EMC0512',)",0.0,0.7784923315048218
"('UMCG0041',)",1.0,0.8344319462776184
"('UMCG0193',)",1.0,0.5937920808792114
"('EMC0191',)",1.0,0.7968636155128479
"('EMC0011',)",1.0,0.6518733501434326
