Patient,true label,posterior prob
"('EMC0286',)",0.0,0.6843656897544861
"('EMC0860',)",0.0,0.10608843713998795
"('EMC1255',)",0.0,0.07696527987718582
"('EMC0740',)",0.0,0.3497638702392578
"('EMC0487',)",0.0,0.8731197714805603
"('UMCG0078',)",0.0,0.17963415384292603
"('UMCG0138',)",0.0,0.2756651043891907
"('EMC0275',)",0.0,0.14680472016334534
"('EMC0268',)",1.0,0.6208876371383667
"('EMC0360',)",1.0,0.277534157037735
"('EMC1153',)",1.0,0.12922072410583496
"('EMC0059',)",1.0,0.18299180269241333
