Patient,true label,posterior prob
"('UMCG0156',)",0.0,0.24614018201828003
"('EMC0664',)",0.0,0.35833945870399475
"('UMCG0094',)",0.0,0.436473548412323
"('EMC0580',)",0.0,0.12681187689304352
"('UMCG0122',)",0.0,0.5005841255187988
"('EMC1072',)",0.0,0.2583855986595154
"('EMC0352',)",0.0,0.17760790884494781
"('EMC0449',)",0.0,0.3247216045856476
"('EMC1289',)",1.0,0.3725118637084961
"('UMCG0219',)",1.0,0.2732999622821808
"('EMC1257',)",1.0,0.4643382132053375
"('EMC1259',)",1.0,0.3882405459880829
